Business Name,Address,Phone,Website,Rating,Review Count
Melrose Tiling Pty Ltd,"Ellerby Rd, Moggill QLD 4070",0400 100 292,,4.9,96
Brisy Tiling Pty Ltd,"19 Sunningdale St, Oxley QLD 4075",0426 093 750,https://www.brisytilingqld.com.au/,4.9,14
VINA Tiling,"13 Ringtail Cl, Doolandella QLD 4077",0434 394 586,https://vinatiling.com.au/,4.8,5
TU TILING SERVICES,"35 Randwick St, Durack QLD 4077",0401 334 455,,5,4
Trendy Elite Tiling,"11 Kookaburra Pl, Doolandella QLD 4077",0411 199 503,,4.7,19
Tyson Tiling Service,"23 Summit Terrace, Forest Lake QLD 4078",,,5,7
Mr. Lo Tiling,"117 Frangipani St, Inala QLD 4077",0470 653 677,,,
Smooth Service Tiling,"3 Montville Pl, Forest Lake QLD 4078",0434 447 232,http://smoothservicetiling.com/,3.7,7
QLD WORLD TILES,"12 Mistletoe Ct, Camira QLD 4300",0437 440 744,https://worldtiles.wixsite.com/qld-world-tiles-1,4.9,15
Phuongy PT Tiling,"1, Doolandella QLD 4077",0412 932 010,,3.7,3
AAR Tiling,"36 Kinglake Ave, Springfield Lakes QLD 4300",0478 652 860,https://aartilingspecialists.wixsite.com/aar-tiling,4.6,25
Dr Tiling,"Tinaroo St, Durack QLD 4077",0431 234 368,https://www.facebook.com/share/16BGMQ7z3z/,5,1
Brisbane Tile Restoration,"10 Yugumbir St, Richlands QLD 4077",1300 771 201,https://www.brisbanetilerestoration.com.au/,3.9,7
A&R Tiling.,"4 Irwin Terrace, Oxley QLD 4075",0401 985 602,,,
ESSENTIAL FEATURES,"Unit A5/2688 Ipswich Rd, Darra QLD 4076",(07) 3375 7771,http://www.essentialfeatures.com.au/,4.9,14
Houwen Tiling,"Katherine Ct, Karalee QLD 4306",0403 474 170,https://reviews.birdeye.com/houwen-tiling-pty-ltd-tile-and-tiling-expert-169864584377485,5,3
Traditional Tiles,"38 Spine St, Sumner QLD 4074",(07) 3279 1188,https://www.traditionaltiles.com.au/,4.1,42
Global Ceramics,"88 Jijaws St, Sumner QLD 4074",(07) 3279 5211,http://www.globalceramics.com.au/,4.1,23
"GO TO Flooring Sumner - Tiles, Floorings & Installation","22 Spine St, Sumner QLD 4074",(07) 3220 1259,https://gotoflooring.com.au/,4.6,21
Johnny tiling,"2 Briset St, Durack QLD 4077",,,,
The Bathroom Biz,"64 Jijaws St, Sumner QLD 4074",(07) 3376 9521,https://thebathroombiz.com.au/,4.7,55
Volterra Tiles,"14 Sinnamon Rd, Seventeen Mile Rocks QLD 4073",0450 905 069,https://volterratiles.com.au/,5,42
QTG Bathroom Renovations,"Arrabri Ave, Mount Ommaney QLD 4074",0412 161 884,https://www.qtgbuilders.com.au/,4.8,24
BLUEDOG TILE QLD,"l1/16 McDougall St, Milton QLD 4064",(07) 3198 2419,,4.8,5
A2Z Renovations,"96 Hazelton St, Riverhills QLD 4074",0450 646 664,https://a2z-renovations.com.au/,4.8,21
My Photo Wall,"59 Bluestone Cct, Seventeen Mile Rocks QLD 4073",,http://myphotowall.com.au/,5,168
Concept Tiles,"2/1311 Ipswich Rd CRN Sherwood Rd and Fairfield Rds, 2/12 Abercrombie St, Rocklea QLD 4106",(07) 3892 3525,http://concepttilesbrisbane.com/,4.9,60
ASEEOS Services,"2/123 Muriel Ave, Moorooka QLD 4105",(07) 3157 8400,https://aseeos.com.au/,,
Rising Star Tiling Pty Ltd,"50 Gainsborough St, Moorooka QLD 4105",0416 539 919,http://www.risingstartiling.com.au/,,
Flat Hill Constructions,"80 Stamford Rd, Indooroopilly QLD 4068",(07) 3886 1361,https://www.flathill.com.au/?utm_source=google&utm_medium=organic&utm_campaign=gmb,5,63
DREAMSCAPE WALL AND FLOOR TILING,"Brisbane, Gold Coast and, 68 Benson St, Toowong QLD 4066",0409 370 472,http://dreamscapetiling.com.au/,,
RT Tiling co,"Eucalyptus Cres, Ripley QLD 4306",0423 910 180,https://rttilingco.lovable.app/,5,6
Triple J Plasterboard & Tiles,"Unit 2a/2 Pound St, West Ipswich QLD 4305",(07) 3812 4056,https://www.triplejplasterboardandtiles.com/,4.7,48
THE IPSWICH TILE SHED,"222/224 Mount Crosby Rd, Tivoli QLD 4305",(07) 3281 3022,,4.8,32
Tile City,"286 Brisbane St, West Ipswich QLD 4305",(07) 3281 1035,https://tilecity.com.au/,4.7,52
Melbros Tiling Services,"12 Fernvale Rd, Brassall QLD 4305",0400 301 862,,,
Pamir Tiling Services,"9 Oreilly Cres, Springfield Lakes QLD 4300",0423 450 074,,5,3
BATS Bathrooms,"U9/8 Chrome St, Salisbury QLD 4107",(07) 3275 7314,http://www.batsbathrooms.com.au/,5,30
The Shower Dr | Shower Repairs Brisbane,"9/8 Chrome St, Salisbury QLD 4107, Salisbury QLD 4000",(07) 3274 2843,https://showerdr.com.au/,4.9,795
